{"CIDEr": 1.0974232709218477, "Bleu_4": 0.9999999999997558, "Bleu_3": 0.9999999999997655, "Bleu_2": 0.9999999999997735, "Bleu_1": 0.9999999999997803, "ROUGE_L": 1.0, "METEOR": 1.0}