{"CIDEr": 3.6120505220252581, "Bleu_4": 8.408964149138525e-05, "Bleu_3": 0.5313292843935332, "Bleu_2": 0.7745966689703747, "Bleu_1": 0.9999999996666668, "ROUGE_L": 0.5, "METEOR": 0.4776696620223255}